Kategori,Ana_Kök,Kök_Okunuş,Kök_Ana_Anlam,Kök_Yan_Anlam,Türetilen_Sözcük,Sözcük_Okunuş,Sözcük_Anlamı,Morfemler,Birebir_Çeviri
Somatik Kökler (Anatomik Organ Çekirdekleri),гу,gwə,kalp,"merkez, zihin, ruh",бзэгу,bza-gwə,dil (konuşma organı),бзэ (dil/konuşma) + гу (kalp/merkez),konuşma kalbi
Somatik Kökler (Anatomik Organ Çekirdekleri),гу,gwə,kalp,"merkez, zihin, ruh",мафIэгу,māf'a-gwə,tren,мафIэ (ateş) + гу (araba/merkez),ateş arabası / ateş kalbi
Somatik Kökler (Anatomik Organ Çekirdekleri),гу,gwə,kalp,"merkez, zihin, ruh",губзыгъэ,gwə-bzəġa,"akıllı, bilge",гу (kalp/zihin) + бзыгъэ (keskin/kesilmiş),keskin zihinli
Somatik Kökler (Anatomik Organ Çekirdekleri),гу,gwə,kalp,"merkez, zihin, ruh",гуфIэ,gwə-f'ə,"sevinç, neşe",гу (kalp) + фIы (iyi),kalp iyiliği
Somatik Kökler (Anatomik Organ Çekirdekleri),гу,gwə,kalp,"merkez, zihin, ruh",гужьей,gwə-źey,"panik, anksiyete",гу (kalp) + жьей (dar/küçük),kalp daralması
Somatik Kökler (Anatomik Organ Çekirdekleri),гу,gwə,kalp,"merkez, zihin, ruh",гумыгъуэ,gwə-məġwa,"şefkatli, merhametli",гу (kalp) + мыгъуэ (bezginlik vermeyen),kalbi yumuşak
Somatik Kökler (Anatomik Organ Çekirdekleri),гу,gwə,kalp,"merkez, zihin, ruh",губжь,gwə-bź,"öfke, hiddet",гу (kalp) + бжьы (kaynayan/yakıcı),kalp kaynaması
Somatik Kökler (Anatomik Organ Çekirdekleri),гу,gwə,kalp,"merkez, zihin, ruh",гугъэ,gwə-ġa,"umut, beklenti",гу (kalp) + гъэ (tutma/ettirgenlik),kalpte tutulan
Somatik Kökler (Anatomik Organ Çekirdekleri),гу,gwə,kalp,"merkez, zihin, ruh",гуэтыныгъэ,gwa-tənəġa,"sadakat, bağlılık",гу (kalp) + тыныгъэ (verme),kalbini verme
Somatik Kökler (Anatomik Organ Çekirdekleri),нэ,na,göz,"görüş, çehre, idrak",наф,nāf,"kör, ama",нэ (göz) + ф (çürümüş/beyaz),gözü çürümüş
Somatik Kökler (Anatomik Organ Çekirdekleri),нэ,na,göz,"görüş, çehre, idrak",напс,nāps,gözyaşı,нэ (göz) + пс(ы) (su),göz suyu
Somatik Kökler (Anatomik Organ Çekirdekleri),нэ,na,göz,"görüş, çehre, idrak",напIцI,nāp'ts'ə,"yalan, sahte",нэ (göz) + пIцI (aldatma),göz kırpma / aldatma
Somatik Kökler (Anatomik Organ Çekirdekleri),нэ,na,göz,"görüş, çehre, idrak",нафI,nāf'i,"saygınlık, iyilik",нэ (göz) + фIы (iyi),göz iyiliği
Somatik Kökler (Anatomik Organ Çekirdekleri),нэ,na,göz,"görüş, çehre, idrak",нэгу,na-gwə,"yüz, çehre",нэ (göz) + гу (merkez/yüzey),göz merkezi
Somatik Kökler (Anatomik Organ Çekirdekleri),Iэ,'a,el,"beceri, eylem, alet",Iэпэ,'a-pa,parmak,Iэ (el) + пэ (burun/uç),el ucu
Somatik Kökler (Anatomik Organ Çekirdekleri),Iэ,'a,el,"beceri, eylem, alet",Iэгу,'a-gwə,avuç içi,Iэ (el) + гу (merkez),el merkezi
Somatik Kökler (Anatomik Organ Çekirdekleri),Iэ,'a,el,"beceri, eylem, alet",Iэрытх,'a-rə-tx,el yazması (manuscript),Iэ (el) + ры (ile) + тхын (yazmak),el ile yazılan
Somatik Kökler (Anatomik Organ Çekirdekleri),лъэ,ɬa,"ayak, bacak","taban, temel, zemin",лъэгу,ɬa-gwə,ayak tabanı,лъэ (ayak) + гу (merkez/taban),ayak taban merkezi
Somatik Kökler (Anatomik Organ Çekirdekleri),лъэ,ɬa,"ayak, bacak","taban, temel, zemin",лъэпс,ɬa-ps,ayakkabı bağı / kök,лъэ (ayak) + пс (ip/şerit),ayak bağı
Somatik Kökler (Anatomik Organ Çekirdekleri),лъэ,ɬa,"ayak, bacak","taban, temel, zemin",лъэбакъуэ,ɬa-bāq'wa,adım,лъэ (ayak) + бакъуэ (açılma/aralık),ayak açılımı
Somatik Kökler (Anatomik Organ Çekirdekleri),щхьэ,śha,"kafa, baş","zirve, kontrol, zihin",щхьэгу,śha-gwə,"zirve, tepe noktası",щхьэ (kafa) + гу (merkez),kafa tepe noktası
Somatik Kökler (Anatomik Organ Çekirdekleri),щхьэ,śha,"kafa, baş","zirve, kontrol, zihin",щхьэусыгъуэ,śha-wəsəġwa,"gerekçe, sebep",щхьэ (kafa) + усыгъуэ (düzenleme/gerekçe),zihinsel düzenleme
Doğa ve Unsur Kökleri (Elemental Cores),псы,psə,"su, sıvı","canlılık, akışkanlık",псынкIэ,psən-č'a,"hafif, hızlı",псы (su) + нкIэ (gibi akan),su gibi hafif
Doğa ve Unsur Kökleri (Elemental Cores),псы,psə,"su, sıvı","canlılık, akışkanlık",щIыдагъэ,ś'ə-dāġa,petrol,щIы (toprak) + дагъэ (yağ),toprak yağlı
Doğa ve Unsur Kökleri (Elemental Cores),мафIэ,māf'a,ateş,"ısı, ışık, enerji",мафIащэ,māf'āśa,kıvılcım,мафIэ (ateş) + щэ (ok/saçılım),ateş oku
