"Адыгэ Макъ" (adygvoice.ru) 10.02.2014 [2014]	[year: 2014] Кӏо, ахэм анахьэу наӏоу {{лӏы}} дэгъу гъэнэфагъэхэри чылэмэ адэсэу мэхъу.	
"Къушъхьэтхым тет унэр" (Кощбэе Пщымаф) [2006]	[year: 2006] {{Лӏы}} шъой-цыем Батыр пэгъокӏи, шӏуфэс рихыгъ, къыгъэуцуи, риӏуагъ:\n 	
"???" 	[] – Къыотӏон укъызэрэдгъотыгъэри,– Сахьидэ, игъусэ къыӏуагъэм пымылъэу, игущыӏэ къыпигъэхъожьыгъ,– тапэ къифэгъэ {{лӏы}} горэм Николаевскэ тыщеупчӏыгъэти, тхьэр къыобгыгъэу цӏыфмэ укъызпадзыжьыгъэу ыӏозэ, фэмыяхэу уикъэбар къытфиӏотагъ.	
"Нарт Саусырыкъо Ипщыналъ" (Удыкӏаку Алий) 	[] Лӏэу тесэр {{лӏы}} пхъаши\n 	
"Тэ мыхэр быракъэу тиӏэх" (Къуекъо Асфар) [2020]	[year: 2020] Етӏанэ Къэбж Щэбан ӏоу кӏэлэ пшъэгожъ горэ мышъэ пырацэм фэдэу цыр къеублэблэхэу, умышӏэрэмэ зы мэзылӏыныкъо горэ къуаджэм къыдахьагъа ма уигъаӏоу, {{лӏы}} нэгъуцужъ теплъэ иӏэу, ау ишъыпкъапӏэкӏэ цу щыс ымыгъэтэджынэу цӏыф хьалэлыжъу къызготӏысхьагъэу тэгущыӏэ.	
"???" 	[] ӏитӏур кӏыбымкӏэ щыпхыгъэу {{лӏы}} горэ жандармитӏумэ афы.	
"Адыгэ Макъ" (adygvoice.ru) 03.03.2014 [2014]	[year: 2014] {{Лӏы}} ӏуш, гъэсагъэ.	
"Бэщ, Бэщыкъу, Дэмыркъан" (Лӏыхъукӏэ Рэджэб) [2020]	[year: 2020] – Э-эй,– риӏуагъ,– а сикӏал, ыдж {{лӏы}} ухъутымэ, умыхъутымэ сшӏэт, мы шым уешэсэу бгъэхъушӏэмэ.	
"Орыгъэемэ сыд ебгъэшӏэныя?" (Хъуажъ Фахьри Мухьарэм ыкъу) [2019]	[year: 2019] Сыдми, Асмыжьыкъом {{лӏы}} кӏэкӏ нэшӏогушӏор ыӏэ къыригъэбэугъэп, ӏаплӏэ зэфашӏыри зэдэгущыӏэу рагъэжьагъ.\n 	
"КъэбарышӀур Лука къызэриӀотагъэр" () [1991]	[year: 1991] [Лука_2: 25] А мафэхэм Симеон зыцӏэу зы {{лӏы}} горэ Ерусалим дэсыгъ. Ар шъыпкъагъэ зиӏэу, Тхьэм ищынагъо зыгу илъ лӏэу щытыгъ. Израил игукъао Тхьэм тырихыжьыным ежэу щытыгъ. Тхьэм Ыпсэ Лъапӏи ыгу илъыгъ.	[year: 1991] [Лк._2: 25] Тогда был в Иерусалиме человек, именем Симеон. Он был муж праведный и благочестивый, чающий утешения Израилева; и Дух Святый был на нем.
"КъэбарышӀур Лука къызэриӀотагъэр" () [1991]	[year: 1991] [Лука_5] Исус {{лӏы}} горэу зыӏэпкълъэпкъ узым зэкӏиубытагъэр зэригъэхъужьыгъэр	
"Рафыгъэхэр" (Мэщбэшӏэ Исхьакъ) [2014]	[year: 2014] – Къытфызэблэпхъуми, хъун...– шъузыр зыгъэгумэкӏырэр къыгурыӏуагъэу, ышнахьыкӏэ ушъхьагъу къыфигъотыгъ,– ау мыщ {{лӏы}} купыр къежэ.\n 	
"Абдзахэ Пчыхьалӏыкъор" (Мыгъолӏ Садыкъ) [2020]	[year: 2020] – Олахьэ, тиунэкъощыр,– иӏуагъ,– {{лӏы}} од шы од тесыкӏи ар унэгъуацӏи мыхъун, лъэпкъыцӏи мыхъун, зыгорэ щыӏэмэ умыушъэф.\n 	
"Щымыӏэжьхэм ясэнабжъ" (Къуекъо Налбый) [2012]	[year: 2012] Къащ зытезылъхьэжьыгъэ {{лӏы}} пӏуакӏэр, зыгорэхэр къыпчъыхэзэ, занкӏэу ынэгу къыкӏэплъэ.	
"Нарт Къандж ӏалыгуджэ-гуащэкъызэрищагъэр" () 	[] Ежь {{лӏы}} зикъэмыщэу щытыти быныджэ ехъопсагъ.	
"Рэдэд" (Мэщбэшӏэ Исхьакъ) [2000]	[year: 2000] Къэлэпчъэшхом зэуж-зэлъыкӏоу {{лӏы}} уӏэшыгъитӏу къыдэкӏыгъ, языр къэупчӏагъ:\n 	
"Хъан-Джэрый" (Мэщбэшӏэ Исхьакъ) [1999]	[year: 1999] Мы шъэожъыер къэхъумэ, Алахьэм къегъэхъу, «инэгъоигъэ» фадзы шъхьакӏэ, {{лӏы}} шъыпкъэ хэкӏыщт.	
"КъэбарышӀур Маттэ къызэриӀотагъэр" () [1991]	[year: 1991] [Маттэ_11: 8] Армырмэ, сыда шъулъэгъунэу шъузыфэягъэр ащ дэжьым шъузыдэкӏым? Щыгъын дахэхэр зыщыгъ зы {{лӏы}} горэ арыгъа? Щыгъын дахэхэр зыщыгъхэр зэрысхэр пачъыхьэхэм яунэшхохэр ары.	[year: 1991] [Мф._11: 8] Что же смотреть ходили вы? человека ли, одетого в мягкие одежды? Носящие мягкие одежды находятся в чертогах царских.
"Хъымыщыкъо Пэтэрэз ипщыналъ" (Хэшхы Казбек) 	[] Ей, гей-гей, Пэтэрэзэр {{лӏы}} гоуз, ора-орэда,\n 	
"Чӏыгу-огу зэнэсым сыда щыӏэр?" (Мэщбэшӏэ Исхьакъ) [2012]	[year: 2012] – Аферым, ари {{лӏы}} ӏуакӏ, ӏахьыл ӏуакӏ, сикӏал.	
"Колэсыжъыкъо Рамфыт" () 	[] Мыщ фэдэ {{лӏы}} пхъашэм тыригъусагъ, Колэсыжъыкъо Рамфытэ тыубытынэу тыкъежьэгъагъ.\n 	
"Хъан-Джэрый" (Мэщбэшӏэ Исхьакъ) [1999]	[year: 1999] «Хэгъэгу дэкъацэм зыдязгъэщытӏыхьан нахьи, сышъхьафит ӏэлмэ нахьышӏу» {{лӏы}} ӏушмэ ащыщэу зыӏуагъэр хэт, къэошӏэжьа?\n 	
"Адыгэ Макъ" (adygvoice.ru) 10.02.2014 [2014]	[year: 2014] {{Лӏы}} ебгэ лыегъэнчъэр ишӏыкӏэу щытыгъ.	
"???" 	[] Хьакӏэхэр тӏысхи гуфаплъэу зэплъэм, жэкӏэ-пэкӏэ шӏуцӏэ {{лӏы}} пытэ зэхэлъри къышӏэжьыгъ.	
"Къэзгъэзэжьрэ ижъырэ шыухэр" (Цуякъо Юныс Хьарунэ ыкъу) [2021]	[year: 2021] Сусаннэ, пшъашъэр, пчъэшъхьаӏум къытелъэрази, «пап, штэба, уятэ иса еӏо {{лӏы}} горэм...»\n 	
"Рэдэд" (Мэщбэшӏэ Исхьакъ) [2000]	[year: 2000] Лӏыхэр зэрэгъэщхыгъэхэми, Къоданэрэ {{лӏы}} мытӏыритӏурэ ӏуащырэ {{лӏы}} цӏыкӏум кӏэлъыплъэхи, ардэдэм зызэтыраупцэкъожьыгъ.\n 	
"Адыгэ Макъ" (adygvoice.ru) 09.08.2017 [2017]	[year: 2017] Сэра ны дэирӏ Сытекуожьэу езгъэжьагъ, ежьыр {{лӏы}} дэир!\n 	
"Саусырыкъо Икъэхъукӏ" () 	[] Сэтэнаер ащагъэ нэуж, Саусэрыкъори {{лӏы}} хъугъэу нартмэ къазыхегъахьэм:\n 	
"Рэдэд" (Мэщбэшӏэ Исхьакъ) [2000]	[year: 2000] – Ары шъыу,– къехьылъэкӏыщтыгъэм ышъхьэ къызэрэрихыгъэм ыгу псынкӏэ кӏигъэхъукӏэу, Барыч мэзахэм къыхэтаджи, дэгъэ остыгъэр хигъэнагъ, нэфынэ макӏэм гупсэфэу къыхэщыщтыгъэ {{лӏы}} нэгушхом ӏуплъагъ, джыри зиухыижьыгъ: – Хэта моущтэу джынапцӏэмэ тыкъауцухьаныр зышӏагъэр...	
"Адыгэхэр" (Мэщбэшӏэ Исхьакъ) [2003]	[year: 2003] – Къин зиӏэм Тхьэм псынкӏэ къыфешӏ, ужыпкъэ мафэ фэхъу,– Къэлэкъутэ къэтэджи, апашъхьэ ит {{лӏы}} хэкӏотагъэм шъхьэщэ макӏэ фишӏыгъ, Псэмыти, Даури ар дэдэр ашӏагъ.\n 	
"Рэдэд" (Мэщбэшӏэ Исхьакъ) [2000]	[year: 2000] – Сигуапэ, {{лӏы}} шӏагъохэр уигъусэх.	
"Уиӏоф зыхэмылъым уибэлагъэ хэмыс" (Лӏыпый Ахъмэд) [2020]	[year: 2020] «Олэ, мы лӏыр зэзгъэшӏэным, мы цӏыфмэ сыдэ яорэ? – иӏуагъ зыгорэм.– Мыр ащ фэдизэу {{лӏы}} бланэу, {{лӏы}} ӏонтӏагъэмэ, сэ згъэзэнкӏыжьыт.	
"Адыгэ Макъ" (adygvoice.ru) 11.10.2017 [2017]	[year: 2017] Зэӏукӏэгъур зэхащэнымкӏэ Иран щыщэу алырэгъухэр языгъэшӏырэ {{лӏы}} горэ ӏэпыӏэгъу къафэхъугъагъ.	
"Къэзгъэзэжьыгъэ налмэс-налкъутэхэр. Тыркуем щыпсэурэ адыгэхэм ялъэпкъ ӏушыныгъэ щыщхэр" (Цуекъо Нэфсэт) [2002]	[year: 2002] «А сэ слъэгъурэ лӏым къытешъухыжьышъущтэп, сэ сипшъашъэкӏэ ар {{лӏы}} хъущт» - къариӏуагъ.	
"Адыгэхэр" (Мэщбэшӏэ Исхьакъ) [2003]	[year: 2003] Пчэдыжь, нэфылъ къызэкӏичзэ, кӏэлэ дэд пӏонэуи щымытэу {{лӏы}} къопцӏэ гъур горэм сигъунэгъу бысым къышӏи, щэджагъо нэс чъыягъэ, щэджэгъоужым нэбгырэ заулэ таугъоий, жэкӏэпэкӏэ шӏуцӏэмэ ӏэ ащифэзэ, а {{лӏы}} цӏыкӏур къыддэгущыӏагъ, ау ынэхэр зечъэхэу, тынэгуи къыкӏэмыплъэу, Шъэбэкъупщыр хьэм къыригъэшхэу, нэгъоимэ къащытхъоу къызырегъажьэм, сфэмыщыӏэу сеупчӏыгъ:\n 	
"Адыгэ ӏорӏуатэхэр. Я 3–4-рэ томхэр" () [2017]	[year: 2017] Мы купыми {{лӏы}} дэгъу ахэтыгъ, Шапсыгъэр аӏоу.\n 	
"Адыгэ ӏорӏуатэхэр. Я 3–4-рэ томхэр" () [2017]	[year: 2017] Бэкъанрэ Нэмырырэ {{лӏы}} дэгъухэу ахэтыгъ.\n 	
"Нарт Пщымаф" (Кушъу Муслъимэт) 	[] Пщымафэ {{лӏы}} фэигъоти ышъхьэ къыӏуихыжьыгъ.	
"Адыгэхэр" (Мэщбэшӏэ Исхьакъ) [2003]	[year: 2003] Зыгъэ бэслъыныемэ, абадзэмэ затеохэм, къагъэзэжьыгъэу къэкӏожьхэзэ, къыготыгъэ нэгъой {{лӏы}} хэкӏотагъэм, щхыпцӏызэ, Мамый къыфидзыгъагъ: «Ужъалым, шъхьас пшӏэрэп».	
"Рэдэд" (Мэщбэшӏэ Исхьакъ) [2000]	[year: 2000] {{Лӏы}} плӏэмые лъэкурэм зи римыӏоу Рэдэдыпщыр ӏуплъагъ, ышъхьэ ыгъэсыси, щхыпцӏызэ, къезэгъыгъ:\n 	
"Адыгэ Макъ" (adygvoice.ru) 19.12.2013 [2013]	[year: 2013] Зэкӏэми тызэрэщыгъуазэу, оркъхэми, нэмыкӏ лӏэкъо лъэшхэми мыхъун зекӏуакӏэ къызхафэхэрэм афимыгъэгъоу Урысбый {{лӏы}} пхъэшагъ.	
"Адыгэхэр" (Мэщбэшӏэ Исхьакъ) [2003]	[year: 2003] Еми шӏу хэлъ, {{лӏы}} зэблэхъу-къэхъожьыныр егъэзыгъэ ӏофкӏэ дэгъоу сыгу къэкӏыгъ.	
"Къушъхьэ бгъэжъым инабгъу" (Теуцожь Хьабиб Исмахьилэ ыкъу) [2021]	[year: 2021] Джы якъушъхьэ кӏасэхэр онэгу нэкӏхэу, {{лӏы}} зытемысыжь шыонэзэтелъ фэдэхэу чыжьэкӏэ къашӏошӏэу, хымэ хэгъэгумэ арытэкъуагъэхэу адыгэ тхьапша арысыр?\n 	
"Пакокъо Тэтэршъао икъэхъукӏ" (Хьамтэхъу Аюб) 	[] сыздакӏоджэрэ {{лӏы}} сфэмыхъу хъумэ, сыкӏоу сыкъэкӏожьэу ситынэп сэӏошъ арары ыджынэсы сызыкӏыдэмыкӏуагъэр.	
"???" 	[] – Моси бзылъфыгъэм ар зыфишӏагъэр къыгурыӏуагъэу, къэупчӏэжьыгъ.– Иван {{лӏы}} дэгъу.	
"Хъан-Джэрый" (Мэщбэшӏэ Исхьакъ) [1999]	[year: 1999] – Модэ, Убых, къегъэгъаз а {{лӏы}} пшъэго кӏэкӏым!	
"Адыгэ Макъ" (adygvoice.ru) 14.07.2016 [2016]	[year: 2016] Къушъхьэ шыгу зэготхэми зырызхэр къызэрахэлъэгыкӏыхэрэм фэдэу, мы зыцӏэ къетӏогъэ {{лӏы}} цӏэрыӏохэм нахь къахэщых етӏани нэбгыриплӏ: Борэкъокъор, Барасбый, Къайтбый, Къаншъаугъур ыкӏи Тумэнбэй.\n 	
"???" 	[] Джащ фэдэ егъэзыгъэ зэо-банэкӏэ быслъымэн динри адыгэмэ къазыӏэкӏэхьагъэр ащ фэдизэу бэшӏагъэп, {{лӏы}} пытитӏу къагъэшӏэн уахът ныӏэп, я ХVIII-рэ лӏэшӏэгъум, фай-фэмыехэми, адыгэ шъолъырым изэгъэн фаеу хъугъэ.	
"Чӏыгу-огу зэнэсым сыда щыӏэр?" (Мэщбэшӏэ Исхьакъ) [2012]	[year: 2012] Мыр КПСС-м и ЦК зыӏэкӏахьэкӏэ, а къыобэнырэ {{лӏы}} цӏыкӏум зы мэфэ закъуи ӏоф рагъэшӏэжьыщтэп, о уиӏофи ухыгъэ хъунышъ, ори уитхылъхэми уасэ къафашӏэу упсэущт.\n 	
"Апыщ сасэ иорэд" (Шъхьакӏумыдэ Мыхьамод) [1954]	[year: 1954] \n  6. – Хэты гущэм уестына, сипшъашъ, ой?\n  А, Гумэ Бэрзэджы гущэми уестыни.\n  – Гумэ Бэрзэджэуи сызэптрэм\n  Ицые шхъожъыхэри къырещи,\n  Ащэрэ пстэумэ ялӏыкӏо гущэба,\n  {{Лӏы}} септыгъахэ гущэп, ситат, - еӏо.\n    	
"Лагъорэ Накъэрэ" (Мэщбэшӏэ Исхьакъ) [2021]	[year: 2021] Шъхьэщытхъужьыныр ӏофа, зызыщымытхъужьырэ, зызымыгъэшӏожьырэ, зекӏо мыкӏорэ {{лӏы}} щыӏэжьа джы?	
"КъэбарышӀур Маттэ къызэриӀотагъэр" () [1991]	[year: 1991] [Маттэ_8: 28] Етӏанэ псыхъураем иадрабгъу ит хэкоу Гергесэ зыцӏэ къалэм епхыгъэм Исус зынэсым, джынапцӏэ зыхэс нэбгыритӏу къэунэхэм къачӏэкӏыхи, къыпэгъокӏыгъэх. А гъогум зы цӏыфи бламыгъэкӏэу, {{лӏы}} ябгэхэу щытыгъэх.	[year: 1991] [Мф._8: 28] И когда Он прибыл на другой берег в страну Гергесинскую, Его встретили два бесноватые, вышедшие из гробов, весьма свирепые, так что никто не смел проходить тем путем.
"Къушъхьэтхым тет унэр" (Кощбэе Пщымаф) [2006]	[year: 2006] Хьэдиир зэбгырыдзыгъэу, яшыхэр ашъхьарытэу {{лӏы}} гъогурыкӏо горэм ылъэгъухи, макъэ къытигъэӏугъ.	
"Байхэм яшъаорэ лӏэхъусэжъхэм яшъаорэ" (Бэрзэдж Якъуб) [2020]	[year: 2020] Мо {{лӏы}} зэкӏоцӏыпхагъэр ащ къарити, етӏани къариӏуагъ: – Кӏалэхэр, мы былым заулэр шъошъуи, къышъущыхьэрэм сэ сыфэгъэзагъ.\n 	
"Хьакӏэ" (Къуекъо Налбый) [2012]	[year: 2012] {{Лӏы}} псыгъор тӏэкӏурэ егупшысагъ.\n 	
"Къэзгъэзэжьыгъэ налмэс-налкъутэхэр. Тыркуем щыпсэурэ адыгэхэм ялъэпкъ ӏушыныгъэ щыщхэр" (Цуекъо Нэфсэт) [2002]	[year: 2002] Зы {{лӏы}} горэм натыфыпс бэу ешъуи ыныбэ пшъыгъэ Сьшэджэ Дэеу игъусэмэ залъэгъум пхъаблэм тырагъэгъуалъхьи ӏазэм дэжь ращэжьагъ.\n 	
"Адыгэ унагъор лъэпкъ хабзэм зэрэфэӏорышӏэрэр" (Унэрэкъо Мир) [2020]	[year: 2020] Лӏыр {{лӏы}} икъугъэкӏэ залъытэщтыгъэр адрэ лӏыгъэ шэпхъэ пстэум яӏэташъхьэу бзылъфыгъэ ныбджэгъу ыгъэшыпхъоу, ащ икӏухьэ-кӏыхьэ ригъэкъушъоу, ащ цыхьэшӏэгъу фэхъушъумэ арыгъэ.	
"Рафыгъэхэр" (Мэщбэшӏэ Исхьакъ) [2014]	[year: 2014] Амин шъуӏо, джэмэхьат, абдзэхэ Гъыщ Мэрзэбэч {{лӏы}} шӏагъом зыдигъэзэжьыгъэм шӏу щыхъунэу, ахърэт джэнэтыпчъэр фызэӏухыгъэнэу Алахь лъапӏэу лъагэм тежъугъэлъэӏу.\n 	
"Адыгэхэр" (Мэщбэшӏэ Исхьакъ) [2003]	[year: 2003] {{Лӏы}} мыгъо бзаджэу Жаные къихъухьагъэмэ ащыщ.	
"Хымэ лыуз" (Цуякъо Юныс Хьарунэ ыкъу) [2021]	[year: 2021] Хъаные {{лӏы}} хэкӏотагъэм ыгу фэузэу еплъыжьыгъ:\n 	
"Адыгэхэр" (Мэщбэшӏэ Исхьакъ) [2003]	[year: 2003] Къэлэкъут аӏоу {{лӏы}} горэ щэпсэушъ, гущыӏэгъу пшӏыгъэмэ, дэигъэп.\n 	
"Джыри си Едэпсыкъуоешхо сыдэт (пычыгъохэр)" (Хъот Замрэт) [2016]	[year: 2016] Кӏалэхэр {{лӏы}} хъугъэх, мэркӏо гъогур тэ къытфэ-нагъ.	
"Кӏэлэ чаным иорэд" (Лӏышӏутэкъо Сар) 	[] \n  Шъыпкъишъэр къызаӏо гущэрэм, шъуежъыу,\n  Емыжъыушъущт гущэхэмкӏэ шъуедэӏу,\n  Джамболэтыжъым изакъу,\n  Зизэкъо пстэуми тхьа яуи.\n  Цуакъэм уагъэ дэмытмэ – зы ӏалъ,\n  Кӏэсэ джэгъогъур лӏыгъэжъ.\n  Ижъыгу пэнапцӏэхэр шъотех,\n  Блэгъэжъым ыгу узеорэм, пшӏокӏоды.\n  Хышхом хэкӏуадэрэр – къэхэлъэнчъ.\n  Тэхъутэи техыныр – лӏыгъэжъ,\n  Хъулъфыгъэм игунчъэр–- хъонал,\n  Благъом тетӏысхьэгъэ лӏыр – гузакӏ!\n  Хьакӏэмэ яшыухэр лӏыгъатхъ,\n  Бзылъфыгъэм итхъагъор – гъолъэгъу!\n  Хъулъфыгъэм итхъагъор – шъузышӏу!\n  Щэбарым ишъабэр зы бзэпс,\n  Шъузымэ псыхьэ адакӏорэр лӏыныкъу.\n  Нэкъуаем ижьыбгъэхэр мэгырзы,\n  Сымаджэу гырзырэр гухэкӏ.\n  Хьакӏэщыжъы нэкӏыхэр отэу,\n  Сыонэп зыӏорэр къэрабгъ,\n  Губгъэн емынэгуерэр гъусэнчъ,\n  Ошъопщэ нэгъыфыр ощхыл.\n  Бзылъфыгъэм ищхылэр лӏыгъапцӏ,\n  Хъулъфыгъэм ипцӏанэр енчъашъу,\n  Шъоныбжъэр зэратырэр {{лӏы}} чэф,\n  Фэмыф кӏасэр джэгъуапӏ.\n  ӏанэм темылъымэ пхъэмбгъужъ,\n  Унэжъым чӏэмылъымэ гъочӏэгъ.\n  Пхъэӏашэм цур кӏэмытымэ пхъэшъалъ,\n  Бланэм щэр зытефэрэм псыхъуачъ.\n  Чъэрыжъым кӏэмыкӏымэ уемыу,\n  Алашэм узеокӏэ регъэхъу.\n  Езымыгъэхъущтыр зы щыд.\n  Уанэм лӏыр имысымэ пхъэтӏаркъу.\n  Ожъубэнэ мафэхэр кӏэпытхъ,\n  Шъузымэ ятхъагъор къэбыжъу.\n  Жъуагъом ынэ имысымэ гуих,\n  Чэтэ ихыныр {{лӏы}} ӏоф.\n  Чъыгэежъы чӏэгъыхэр чэгапӏ,\n  Чъыгым пкӏашъэр пымытымэ зы къурэ.\n  Къом цэ ӏумытымэ зы лэу,\n  Бзылъфыгъэ фэмыфхэр чъыяпх.\n  Къэрэум щыр имыӏэмэ зы бзыу,\n  Цӏыфы бзэмыӏухэр гухэкӏ.\n  Кӏэкӏо ныкъобзыр щыгъынэп.\n  Зыпэ дэзыгъэзыерэр тхьамыкӏ.\n  Джамболэтыжъым изакъу.\n  Зизакъоу рагъэзырэм тхьа еуи.\n  Унэ ныкъо чӏасэхэр псэуалъэп,\n  Зэолэ куор гуих.\n  Хышхом къытеплъэрэр пкӏэгъуал,\n  Лые зэрашӏэрэр гухэкӏ.\n  Лэу къэлъфыгъакӏэхэр шъо дах,\n  Хымэ бзылъфыгъэхэр гомыӏу.\n  Аӏорэр зымыушъэфырэр хъулъфыгъэп,\n  Пэкӏэкӏо къамэхэр гуих.\n  Цӏыфыгу изыхырэр аслъан.\n  Джамболэтыжъыми зегъазэ,\n  Шхончым зигъазэмэ блыпкъау.\n  Ащы гущэ изэогъухэр къанылъ,\n  Щэщкъарэу кӏэлъыхэр зэкӏанэ.\n  {{Лӏы}} гущэр заорэм щымыохъу,\n  Мыхъунэу щыӏэхэр къехъулӏэ.\n  Гъогужъы мыгъоми рэгъуаз,\n  Къызытыригъазэрэм мэхасэ.\n  Чъырэу маитэхэр кӏэкӏэт,\n  Сэ сызыхэтхэр бэлахь.\n  Хьамэлыжъ чӏэгъым сычӏэс,\n  Блэнэ пӏэшъэшхор хэзгъакӏ.\n  Цӏыфы тхьамыкӏэхэр гуегъу,\n  Ащ фэдэм зыгу емыгъурэр мыцӏыф,\n  Цӏыфэу щыӏэ пстэури зэкъош.\n  Кӏасэ зимыӏэ бзылъфыгъэр шӏоипх,\n  Шъузы шӏоипхэр тхьамыкӏ.\n  Тхьамыкӏэгъошхор сихъишъ,\n  Шъыхьылым ипщэрхэр къэсэшх.\n  А сэ сызыхэсхэр мэзыжъ,\n  А сэ сихъишъэжъхэр къэсэпчъ.\n  Пчыхьашъхьэрэ сипщыпӏэжъым секӏужь,\n  Сыкъызыкӏожьыным ауж.\n  Лыгъэпкъым ыуж кӏэкӏуашъу,\n  Чатэм игъусэр пыджын.\n  Чатэм цэ ӏумылъымэ зы бэщ,\n  Фэмыфэу щыӏэхэр пцӏыус.\n  Чыпэ машӏохэр гугъэтӏылъ.\n  Шэкӏожъы машӏохэр къэсэшӏы,\n  Къысапшӏэрэр зэрэгухэкӏ\n  О нахь ӏаий сыкӏокӏэеа,\n  Сыпӏукӏэнкӏэ сшӏагъэу сыкъэкӏоныеп,\n  Сыкӏожьыми сыкъэкӏожьыныеп.\n    	
"Анахьыкӏэр анахь кӏас" (Хьакӏэмызэ Биболэт) [1993]	[year: 1993] А {{лӏы}} тӏурысэ дэдэм зэкӏэмэ апэу къыжэдэлъэтыгъ урысыбзэкӏэ:\n 	
"Адыгэ Макъ" (adygvoice.ru) 20.10.2011 [2011]	[year: 2011] Ащ фэшӏ Джэджэхьаблэ лъытэныгъэ зыщыфашӏырэ динлэжьэу, ыныбжькӏэ илъэс 80-м шъхьарыкӏыгъэу, егъэджэн-пӏуныгъэм иветеранэу, {{лӏы}} ӏуш губзыгъэу Блэнэгъэпцӏэ Хьамеди, илъэсыбэрэ чылэм иефэндыгъэу Хъут Хъызыри, нэмыкӏхэри тиупчӏэжьэгъухэу, тиӏэпыӏэгъухэу мы тхыгъэр къэдгъэхьазырыгъ.\n 	
"Къэзгъэзэжьыгъэ налмэс-налкъутэхэр. Тыркуем щыпсэурэ адыгэхэм ялъэпкъ ӏушыныгъэ щыщхэр" (Цуекъо Нэфсэт) [2002]	[year: 2002] А {{лӏы}} щэкӏым щыщэу ымыукӏэу къыгъэнагъэр сэрыгъэ.	
"Нарт Шэбатныкъо Къызэрищагъэр" (Бэгъушъэ Тӏахьир) 	[] {{Лӏы}} горэ къихьи:\n 	
"Хэхэсхэр" (Мэщбэшӏэ Исхьакъ) [2016]	[year: 2016] – Ежь Дарихъани чӏыпӏэ зэжъу зефэм, ахэр арых игурышӏугъуагъэхэр,– азанэджэ Джамбот къыӏуи, къыухыжьыгъ: – Хьаджрэт нахьыкӏэри зэсэлъэгъум, къэсшӏэжьыгъэп, изабыт шъуашэ {{лӏы}} кӏэхъукӏыгъ.	
"Хьаткъокъошхомрэ Болэтыкъо Джанкъылыщрэ" (Бгъэнэ Шъалихь) [2020]	[year: 2020] – Къэсӏощтыр ары: {{лӏы}} дэгъум анахь ищыкӏагъэр сыда?	
"Тэ мыхэр быракъэу тиӏэх" (Къуекъо Асфар) [2020]	[year: 2020] Ариэль Шарон {{лӏы}} ин зэхэушъагъ, нэгу хъурай, зы нэ лъэныкъор къызауӏэм ыуж тӏэкӏу нахь назэу къэлъагъо, икӏэлэгъум исурэтэу тызэплъыгъэмэ кӏэлэ къабзэу арыт, псау-тау.	
"Рэдэд" (Мэщбэшӏэ Исхьакъ) [2000]	[year: 2000] Рэдэд нахь мыцӏыкӏу хъэзар хъырцыжъмэ япащэ {{лӏы}} лъэкурэ зэӏэкӏэлъым риӏуагъ:\n 	
"Къэзгъэзэжьыгъэ налмэс-налкъутэхэр. Тыркуем щыпсэурэ адыгэхэм ялъэпкъ ӏушыныгъэ щыщхэр" (Цуекъо Нэфсэт) [2002]	[year: 2002] Пэщэ Бэчмыз аӏоу адыгэмэ зы {{лӏы}} горэ яӏагъ.	
"Адыгэ Макъ" (adygvoice.ru) 26.08.2013 [2013]	[year: 2013] Якъэхалъэщтыгъэу цемент зытырагъэчъыхьагъэм {{лӏы}} горэ кӏэрытыгъ мыдрэ ӏухьагъэхэм гу къалъимытэу.	
"Адыгэ шъуашэмрэ хабзэмрэ" (Унэрэкъо Мир) [2020]	[year: 2020] {{Лӏы}} хэкӏотагъэу адыгэ пэӏо лъэгэ, пэӏо кӏыхьэ щыгъэу хьакӏэщ жантӏэм дэсмэ – ар пщышхо.	
"Рэдэд" (Мэщбэшӏэ Исхьакъ) [2000]	[year: 2000] – Улъэш о, Дэхапс, Хьэкъарэ фэдэ {{лӏы}} хафэр зыпыбгъэкӏын плъэкӏыгъэ.	
"Адыгэ Макъ" (adygvoice.ru) 04.07.2014 [2014]	[year: 2014] Шъыпкъэ, удэгъуныр псынкӏэп, лӏыгъэ ренэу къыпхафэу, адыгэ {{лӏы}} шъыпкъэу узекӏоныр ӏэшӏэхэп.	
"Рэдэд" (Мэщбэшӏэ Исхьакъ) [2000]	[year: 2000] О зыкъыбгуигъэуцонэу Хьакӏуцу {{лӏы}} чъэпхъыгъэу хэт исыр?	
"Тэшъаорэ Дышъэкокӏрэ" (Щашӏэ Бый) 	[] — Джыри кӏори: «Шъорыджэ шъузэр нахь былымыми, чылэ былымэу шъуфырэр къысэшъутыжь ӏори сфеӏу»,— ыӏуи, {{лӏы}}\n 	
"Адыгэ ӏорӏуатэхэр. Я 3–4-рэ томхэр" () [2017]	[year: 2017] {{Лӏы}} цӏэрыӏоу а лӏыр арэущтэу хэтзэ, илъэс тэмашэ тешӏагъэу Мышъэостыри мы хэгъэгум исэу, ащи пачъыхьэгъу зэрихьэу щытыгъ.\n 	
"Сэджырэ гъогу" (Лӏыпый Ахъмэд) [2020]	[year: 2020] {{Лӏы}} кӏэкӏыу, цӏыкӏугъ Осмэнэр.	
"Адыгэхэр" (Мэщбэшӏэ Исхьакъ) [2003]	[year: 2003] Етӏани урыс пачъыхьэм ыпашъхьэ зэрихьэгъагъэхэм нахьи джэдыгу гупэ зэрыгъэзыгъэ {{лӏы}} ешъуагъэм ӏэбжым къазэрэфишӏыщтыгъэр, ар шыбгъэкӏэ зэрэраутыгъагъэр ынэгу къыкӏэуцожьыщтыгъ.	
"Адыгэ Макъ" (adygvoice.ru) 14.03.2013 [2013]	[year: 2013] «Мэз чӏэгъым къычӏэкӏыхи Лабэ дэжь къызэтӏысыхэм адыгэхэм унашъо яӏэу зэдэпсэущтыгъэх, {{лӏы}} хэхыгъэхэр яӏагъэх.	
"Адыгэ Макъ" (adygvoice.ru) 13.12.2017 [2017]	[year: 2017] {{Лӏы}} лъхъэнчэ нэгуф-нэгушӏоу щытыгъ.	
"Лагъорэ Накъэрэ" (Мэщбэшӏэ Исхьакъ) [2021]	[year: 2021] «Пӏорэм, {{лӏы}}, гу лъыптэрэп, аущтэу укъысэгыиныр къыптефэрэп.	
"Ыпсэ ифабэкӏэ ыгъэшӏуагъэр илъэпкъ" (Мамырыкъо Нуриет) [2021]	[year: 2021] Хэгъэгу зэошхор къызежьэм, иныбжьыкӏэгъу-гушхуагъэ ыпэ итэу ащ кӏуагъэ, заом хэлэжьагъ, ащ ихьазаб ӏае ылъэгъугъ, ынэ лъэныкъо хилъхьагъ, ныбджэгъу гупсэу къыготыгъэ Андырхъое Хъусенэ фашист пыижъмэ якӏодылӏагъ, ау Хъусенэ кӏэлэкӏагъэми, лӏым ыкӏоцӏ {{лӏы}} итыгъ, изакъоу ӏуашъхьэм къызытенэм, пый дзэкӏолӏ купэу къэзыухъурэигъэм фырикъугъ.	
"Къэзгъэзэжьрэ ижъырэ шыухэр" (Цуякъо Юныс Хьарунэ ыкъу) [2021]	[year: 2021] Апэ дэдэ итыгъэхэр къуаджэмэ къарыкӏыгъэ {{лӏы}} цӏэрыӏохэу, лъытэныгъи шъхьэкӏэфэныгъи цӏыфмэ зыфашӏыщтыгъэхэр арыгъэх.\n 	
"Рэдэд" (Мэщбэшӏэ Исхьакъ) [2000]	[year: 2000] Аӏо шӏоигъор арэӏу, хэт сыд ыӏуагъэми, къысаӏолӏагъэмэ ари ахэфэн, гум шӏоӏэшӏур нэм шӏодах»,– Дэхапсэ ыпашъхьэ ис {{лӏы}} нэпэшӏо пкъы ищыгъэм фэсакъзэ, риӏуагъ:\n 	
"Пӏуныгъэмрэ хабзэмрэ" (Унэрэкъо Мир) [2020]	[year: 2020] • {{Лӏы}} игущыӏэ епцӏыжьрэп\n 	
"Тэтэршъаорэ лӏыжъымрэ" (Хьамтэхъу Аюб) 	[] А гуащэу сщагъэр а зыщэфыгъэхэмэ зэратыгъэ лӏым нахьышӏуӏуаӏу, ащ {{лӏы}} ахигъотэт.	
"Мыжъошъхьал" (Мэщбэшӏэ Исхьакъ) [1994]	[year: 1994] Джыри непэрэ заом имашӏо кӏосэжьыгъо ифэгъагъэп Бэрзэджыр зипэщэ шыу купыр адыгэ {{лӏы}} зэкӏэплъыхьэгъабэ зышъхьащыт хьадэм зыкӏэрэхьэм.	
"???" 	[] – Ар {{лӏы}} дэгъу аӏо, а плъыжьым игугъу шӏукӏэ зэхэтэхы.	
"Кӏэлэ чаным иорэд" (Лӏышӏутэкъо Сар) 	[] \n  8. Уанэ гущэми {{лӏы}} темысы гущэмэ, пхъэтӏаркъо гущэмэ,\n  Изыгупэ напшӏэхэри шъотех,\n  Изыгупэ напшӏэхэри шъотехыба.\n  Хышхом цӏыфэу хэкӏуадэ гущэри къэхынчъэ,\n    	
"Рэдэд" (Мэщбэшӏэ Исхьакъ) [2000]	[year: 2000] Рэдэдрэ орырэ шъузэдэтпӏугъ, шъузэдэтылэжьыгъ, Рэдэд {{лӏы}} хъуи, о пӏын паӏо пщыгъэу укъэнагъ.\n 	
"???" 	[] Шъузым ышъхьэ пӏыеу {{лӏы}} ешъуакӏомэ аӏущхыпцӏэу, афэлъакӏэу ахегъэты аӏоу чылэм дэлъыгъэ къэбарым тӏури – лӏыри, шъузри пылъыгъэхэп шъхьакӏэ, ямыщыкӏэгъэ ӏо горэ цӏыфмэ ахагъэлъы ашӏоигъуагъэп, ныри мыщ къыхэмыхьэу щытыгъэп.	
"Рэдэд" (Мэщбэшӏэ Исхьакъ) [2000]	[year: 2000] – {{Лӏы}} закӏэр мэзахэми мэгушхо, лӏыгъэнчъэр мэзагъоми мэщынэ,– одыкӏи-мыдыкӏи щымыщэу Къоданэ къыпиупкӏыгъ, ау псынкӏэу Колэс къеупчӏыгъ:\n 	
"Адыгэ ӏорӏуатэхэр. Я 3–4-рэ томхэр" () [2017]	[year: 2017] Етӏани адырэ тхьакӏумэ лъэныкъор къыгуигъэчъи, ынэ лъэныкъуи къырикӏи, {{лӏы}} цӏыкӏур къытӏупщыжьыгъ.\n 	
"Колэсыжъыкъо Рамфыт" () 	[] {{Лӏы}} пхъашэр апэджэ къакӏуи къэуцугъ:\n 	
"Адыгэ Макъ" (adygvoice.ru) 14.09.2016 [2016]	[year: 2016] Зэрэшъулъэгъоу, «Нартхэм» яусэ зэхэлъхьакӏэ шэн-унаехэу иӏэхэм афэшъхьафэу ӏофшӏагъэм ар игухэлъ шъхьаӏэу щымытыгъ нахь мышӏэми, мы ӏофшӏагъэми гъэнэфэгъэ аналитическэ материал хэлъэп, зэкӏэми афэгъэхьыгъэ гущыӏэхэм ятекстхэм яхьылӏэгъэ усэзэхэлъхьакӏэм иӏофыгъохэр усэзэгъэшӏэным ишапхъэхэу зэкӏэми зэдаштагъэу щыӏэхэм арымыфэхэнкӏи хъун; ахэр зыми емыхьыщырхэу, ямышӏыкӏэу зэхэлъхьагъэх, {{лӏы}} ялыехэм лӏыхъужъныгъэу зэрахьагъэхэр ыкӏи иныжъхэм язекӏуакӏэхэр къадаӏуатэхэзэ, эпическэ орэдхэр къэӏогъэнхэм иижъырэ шъуашэхэм япхыгъэхэу гъэпсыгъэх.	
"Рэдэд" (Мэщбэшӏэ Исхьакъ) [2000]	[year: 2000] Зы пачъыхьэ яӏ, хэгъэгу ӏофхэр зезыхьэрэ {{лӏы}} хэхыгъэхэр ащ къешӏэкӏыгъэх, лъэсхэмкӏэ, шыухэмкӏэ, нэмыкӏхэмкӏэ зэтеутыгъэхэу дзэ уӏэшыгъэхэр аӏыгъых.	
"Тэтэршъао ихъишъ" (Хьанахэкъо Теуцожь) 	[] Кӏалэм пчэнэр ыхьи зэкӏожьым, цӏыфэу {{лӏы}} баим иӏэмэ кӏалэр ашӏотхьамыкӏэти махълъэджэ рапэсыепышъ:\n 	