Kök,Türev,Concept,Türkçe
гу,гу,HEART,Kalp
гу,бзэгу,LANGUAGE,Dil
гу,мафIэгу,TRAIN,Tren
гу,гуфIэ,JOY,Sevinç
гу,губзыгъэ,INTELLIGENCE,Zeka
гу,губжь,ANGER,Öfke
гу,гугъэ,HOPE,Umut
гу,гуэтыныгъэ,LOYALTY,Sadakat
нэ,нэ,EYE,Göz
нэ,наф,BLINDNESS,Körlük
нэ,напс,WATER,Su
нэ,напIцI,FALSEHOOD,Yalan
нэ,нафI,GOODNESS,İyilik
нэ,нэгу,FACE,Yüz
Iэ,Iэ,HAND,El
Iэ,Iэпэ,FINGER,Parmak
Iэ,Iэгу,PALM,Avuç
Iэ,Iэрытх,MANUSCRIPT,El Yazması
лъэ,лъэ,FOOT,Ayak
лъэ,лъэгу,FOOT,Ayak Tabanı
лъэ,лъэпс,SHOE,Ayakkabı Bağı
лъэ,лъэбакъуэ,MOVEMENT,Hareket
щхьэ,щхьэ,HEAD,Kafa
щхьэ,щхьэгу,TOP,Tepe
щхьэ,щхьэусыгъуэ,REASON,Sebep
щхьэ,щхьэц,HAIR,Saç
